Valor rfm,# cliente,Churn,Ventas totales
5,2497,0.32839407288746497,3174380
4,2503,0.2932481022772673,1551285
3,2497,0.30356427713255907,969826
2,2497,0.3063676411694033,493649
1,2506,0.29130087789305664,146977